experiment,total,Y,P,N,Y_pct,P_pct,N_pct,YP_pct
Baseline,224,40,76,108,17.857142857142858,33.92857142857143,48.214285714285715,51.785714285714285
ExpA_r16,224,41,74,109,18.303571428571427,33.035714285714285,48.660714285714285,51.339285714285715
ExpB_r64,224,32,88,104,14.285714285714286,39.285714285714285,46.42857142857143,53.57142857142857
