band,n_old,p_correct_old,n_new,p_correct_new,delta_p_correct,delta_n
green,11309,0.8061720753382262,7591,0.8981688842049795,0.09199680886675332,-3718
yellow,7470,0.3827309236947791,6571,0.5895601887079592,0.2068292650131801,-899
red,4482,0.1535029004908523,9099,0.2167271128695461,0.0632242123786938,4617
