bin_lo,bin_hi,n,p_correct
0.0,0.4,736,0.28804347826086957
0.4,0.55,644,0.36490683229813664
0.55,0.65,481,0.49480249480249483
0.65,0.75,623,0.492776886035313
0.75,0.82,553,0.6419529837251357
0.82,0.89,761,0.7069645203679369
0.89,0.95,1035,0.7478260869565218
0.95,0.98,1046,0.8479923518164436
0.98,1.001,3035,0.9357495881383855
