bin_lo,bin_hi,n,p_correct
0.0,0.4,1087,0.19595216191352346
0.4,0.55,596,0.3053691275167785
0.55,0.65,441,0.39909297052154197
0.65,0.75,442,0.4638009049773756
0.75,0.82,376,0.5106382978723404
0.82,0.89,474,0.6329113924050633
0.89,0.95,720,0.6916666666666667
0.95,0.98,757,0.8480845442536328
0.98,1.001,2404,0.9371880199667221
